{"CurrentRegionIdx":3,"Regions":[{"$type":"StaticHttpRegionInfo, Assembly-CSharp","Name":"North America","PingServer":"matchmaker.among.us","Servers":[{"Name":"Http-1","Ip":"https://matchmaker.among.us","Port":443,"UseDtls":true,"Players":0,"ConnectionFailures":0}],"TranslateName":289},{"$type":"StaticHttpRegionInfo, Assembly-CSharp","Name":"Europe","PingServer":"matchmaker-eu.among.us","Servers":[{"Name":"Http-1","Ip":"https://matchmaker-eu.among.us","Port":443,"UseDtls":true,"Players":0,"ConnectionFailures":0}],"TranslateName":290},{"$type":"StaticHttpRegionInfo, Assembly-CSharp","Name":"Asia","PingServer":"matchmaker-as.among.us","Servers":[{"Name":"Http-1","Ip":"https://matchmaker-as.among.us","Port":443,"UseDtls":true,"Players":0,"ConnectionFailures":0}],"TranslateName":291},{"$type":"DnsRegionInfo, Assembly-CSharp","Fqdn":"127.0.0.1","DefaultIp":"127.0.0.1","Port":22023,"UseDtls":false,"Name":"Playmaker","TranslateName":1003},{"$type":"DnsRegionInfo, Assembly-CSharp","Fqdn":"mods.hopto.org","DefaultIp":"mods.hopto.org","Port":443,"UseDtls":false,"Name":"Modded NA (MNA)","TranslateName":1003},{"$type":"DnsRegionInfo, Assembly-CSharp","Fqdn":"au-eu.duikbo.at","DefaultIp":"au-eu.duikbo.at","Port":22023,"UseDtls":false,"Name":"Modded EU (MEU)","TranslateName":1003},{"$type":"DnsRegionInfo, Assembly-CSharp","Fqdn":"127.0.0.1","DefaultIp":"127.0.0.1","Port":22023,"UseDtls":false,"Name":"Custom","TranslateName":1003}]}